{
    "Lens Studio":{
        "File":[4.84, 3.05],
        "Open Project":[6.30, 8.51],
        "Publish":[7.9, 5.1],
        "My Lenses":[9.791666666666666, 3.1481481481481484],
        "Log In":[9.11, 5.64],
        "Log Out":[10.15625, 7.5]
    },
    "Choose project file":{
        "Address_Bar":[61.354166666666664, 5.185185185185185],
        "FileName_Bar":[29.114,90.277],
        "Open":[90.52,92.5]
    },
    "Publish Lens":[6.04, 5.46],
    "LogIn":[30.833333333333332, 65.64814814814815],
    "Done":[61.927083333333336, 54.72222222222222],
    "Zepeto":{
        "dirLocate":[350,50],        
        "fileName":[245,447]
    },
    "Pinata":{
        "selectaFile":[962,672],
        "dirLocate":[431,50],        
        "uploadButtonForDir":[499,482],
        "uploadbtn":[1752,1008],
        "fileNameClickLocate":[479,977],
        "imagelastbtn":[901,745]
        
    },
    "Klaytn":{
        "dirLocate":[848,48],
        "fileNameClickLocate":[479,977]
    }
}

